"B9690bltsm","Flex. Plate"
"B4870bnsm","Flexible Perforated Strip"
"B8640rdmsm","Flexible Plate"
"235gbe0","Narrow Strip"
"B4870ylRsm","Flexible Perforated Strip"
"B6630orl0","Transition Cone"
"324agrupl","Capot"
"B4840rdm0","Triangular Cupped Plate 38 x 38 x 38 mm"
"51b0zn","Flanged Plate"
"235d0zn","Narrow Strip"
"187abk0","Conical Disc 48 mm diam."
"B8560blmsm","Flexible Curved Strip"
"770(1)bk0","Motor"
"260fgrutpl","Steering Arm"
"260fgrmpl","Steering Arm"
"2aorl0","Battery Cell Li-ion NCA523450D"
"B9530rdtpl","Rod Holder"
"23b3pgyspl","Pulley"
"900bk0","Curved Strip"
"B8570bksm","Flexible Perforated Strip"
"73aor/bk0","Obtuse Flanged Plate"
"B5810bn0","Isosceles Triangular Flexible Plate"
"30blt0","Battery Cell Li-ion 3 1/2"
"235gkh0","Narrow Strip"
"C3940bk0","Nuts Holder Bar"
"B5830rd0","Flexible plate"
"B5720ylmdsm","S"""" Shaped Flexible Perforated Strip"
"B5720orlsm","S"""" Shaped Flexible Perforated Strip"
"B5720grlfsm","S"""" Shaped Flexible Perforated Strip"
"1880blml0","Flexible Plate"
"37b0zn","Bolt"
"940borpl","Plastic Rod"
"B70800st","Bowden Cable 300 mm"
"S091000","Decal Sheet for 9950"
"B9740bldsm","Flexible Narrow Perforated Strip"
"B7480bkpl","Off-Road Wheel"
"A6520kh0","Batteries holder"
"C5760bkpl","Sound Unit"
"2010bksm","Flexible Gusset Plate"
"12c0zn","Obtuse Angle Bracket 1/2"""" x 1/2"
"B7090gymsm","Curved Flexible Plate 100 x 38 mm"
"B4880rdmdsm","Flexible Perforated Strip"
"B7220orlpl","Bracket"
"2260wt0","Triangular Flexible Plate"
"J31330gyspl","Lower Cabin"
"B4870rdSsm","Flexible Perforated Strip"
"A6620gru0","Batteries Holder Centre + Trap 6V"
"235abkf0","Narrow Strip"
"B0150gdpl","Polygonal Bracket"
"260jbllpl","Obtuse Corner Bracket 38 x 25 mm"
"187fbkpl","Road Wheel"
"13300zn","Corner Bracket"
"B5930blRpl","Side Mirror"
"51fgd0","Flanged Plate"
"C6290wt0","Sail for Tintin Unicorn Set"
"B9700wt0","Isosc. Trapez. Cupped Plate"
"110rdE0","Double Bracket"
"23b3pcppl","Pulley"
"1990gro0","Curv. Plt"
"770bld0","Triangular Plate"
"133cblcl0","Obtuse Corner Bracket"
"110grn0","Double Bracket"
"48ardn0","Double Angle Strip"
"235akh0","Narrow Strip"
"24c0zn","Wheel Disc"
"B5830blR0","Flexible Plate"
"25d3pbkpl","Pinion"
"B4820bkfsm","Flexible Perforated Strip"
"B16500wd","Set of wooden parts for 5650 - Rattle Trap"
"940bkhpl","Plastic Rod"
"260acppl","Suspension Mounting Bracket"
"400bk0","Hank of Cord"
"B1140gdpl","Batteries Holder Lids (pair)"
"1000zn","Fishplate"
"23bpylpl","Pulley"
"103d0zn","Flat Girder"
"B1140grupl","Batteries Holder Lids (pair)"
"260bgdpl","Suspension Outer Bracket"
"90ardm0","Curved Strip"
"1890blR0","Flexible Plate"
"B6660bk0","Perforated Strip"
"340bkrb","Short Rod Sleeve"
"38agydpl","Plastic Washer"
"B7590bk0","Eccentric Drive Bit for Screwdriver B752"
"B6840bl0","Isosceles Triangular Cupped Plate"
"120eorpl","Mini Shock Absorber Pin"
"38aorlpl","Plastic Washer"
"15a0zn","Axle Rod"
"B5840bkfsm","Flexible Curved Strip"
"260jgrupl","Obtuse Corner Bracket 38 x 25 mm"
"103gkh0","Flat Girder"
"9dylE0","Angle Girder"
"900gy0","Curved Strip"
"18b0zn","Axle Rod"
"1700zn","Axle Rod"
"235gyl0","Narrow Strip"
"825ablR0","Narrow Reversed Angle Bracket"
"J470bkrb","Crawler Track"
"73aal0","Obtuse Flanged Plate"
"B6080grmsm","Isosceles Triangular Flexible Plate"
"340bk0","Spanner for square nuts"
"890al0","Curved Strip"
"B5830bksm","Flexible Plate"
"410orlpl","Plastic wire"
"110cgypl","Rack Strip"
"216agyml0","Cylinder"
"B0360gyspl","Tools"
"B20500zn","Curved Strip"
"B7090wtsm","Curved Flexible Plate 100 x 38 mm"
"B4880wtsm","Flexible Perforated Strip"
"B6950bk0","Isosceles Triangular Cupped Plate"
"51ctu0","Flanged Plate"
"2150grml0","Formed Slot Strip"
"120blR0","Angle Bracket"
"B6650wtsm","Flexible Plate"
"A6620cp0","Batteries Holder Centre + Trap 6V"
"187cbllpl","Wide Wheel Geared"
"B9530bltpl","Rod Holder"
"25b3pbkpl","Pinion"
"J450bkpl","Tyre for 187c"
"C3710al0","Bent Braced Girder"
"B051(1)khpl","Strip"
"B5840bksm","Flexible Curved Strip"
"B6640orsm","Flexible Plate"
"B4820cmsm","Flexible Perforated Strip"
"73aprt0","Obtuse Flanged Plate"
"B9690alsm","Flex. Plate"
"51bbkf0","Flanged Plate"
"B6080ylsm","Isosceles Triangular Flexible Plate"
"B5820bksm","Isosceles Trapez. Flex. Plate 38 x 25 x 90mm"
"B9710bkrb","Balloon Tyre for 187c"
"1880orsm","Flexible Plate"
"22bpylpl","Pulley"
"900rdm0","Curved Strip"
"51cbkf0","Flanged Plate"
"120erdpl","Mini Shock Absorber Pin"
"J31230gyspl","Base Plate"
"J31270crpl","Grid"
"B4840gyml0","Triangular Cupped Plate 38 x 38 x 38 mm"
"2250gdl0","Triangular Flexible Plate"
"50rd0","Battery Cell Li-ion 2 1/2"
"B4880blRsm","Flexible Perforated Strip"
"103grdS0","Flat Girder"
"900zn","Angle Girder"
"B7320bkpl","Channel Bearing"
"111d0zn","Bolt"
"C6330wt0","Sail for Tintin Unicorn Set"
"21200zn","Rod and Strip Connector"
"812bwt0","Narrow Angle Bracket"
"2210gysm","Triangular Flexible Plate"
"A651(1)gys0","Motor"
"B9700rd0","Isosc. Trapez. Cupped Plate"
"23500zn","Narrow Strip"
"20rdS0","Battery Cell Li-ion CGA633438"
"51cgym0","Flanged Plate"
"103fwt0","Flat Girder"
"B1140prpl","Batteries Holder Lids (pair)"
"B691000","RC Chassis"
"12cal0","Obtuse Angle Bracket 1/2"""" x 1/2"
"235gylmd0","Narrow Strip"
"51egru0","Semi-Flanged Plate"
"B09600st","Compression Spring"
"510rdE0","Flanged Plate"
"B9160khpl","Tapered Slot Lever Bar"
"B07600wd","Floor"
"40gru0","Battery Cell Li-ion 3"
"1910al0","Flexible Plate"
"1880grmlsm","Flexible Plate"
"50rdn0","Battery Cell Li-ion 2 1/2"
"1900pk0","Flexible Plate"
"260cprpl","Mini Strip 38 mm"
"48aor0","Double Angle Strip"
"22apylpl","Pulley"
"C5160orltpl","Canopy"
"38aorpl","Plastic Washer"
"B8650grmsm","Flexible Gusset Plate"
"B8160gy0","Motor 6Vdc"
"B9690bll0","Flex. plate"
"2akh0","Battery Cell Li-ion NCA523450A"
"2210bk0","Triangular Flexible Plate"
"740kh0","Flat Plate"
"B9210ylpl","King Ghidorah Wings"
"28p3pbkpl","Cont. Wheel"
"C3690bk0","Obtuse Flanged Trapezoidal Plate"
"1880khsm","Flexible Plate"
"C1900pksm","Flexible Narrow Perforated Strip"
"J31530wtpl","Sleeve"
"B1140rdpl","Batteries Holder Lids (pair)"
"260jcppl","Obtuse Corner Bracket 38 x 25 mm"
"B4840yll0","Triangular Cupped Plate 38 x 38 x 38 mm"
"B5720bnsm","S"""" Shaped Flexible Perforated Strip"
"J480bkrb","Crawler Track"
"260bkhpl","Suspension Outer Bracket"
"30kh0","Battery Cell Li-ion 3 1/2"
"51cbk0","Flanged Plate"
"B8550blmsm","Flexible Plate"
"260crdpl","Mini Strip 38 mm"
"133c0zn","Obtuse Corner Bracket"
"260ckhpl","Mini Strip 38 mm"
"46a0zn","Double Angle Strip"
"187cgyspl","Wide Wheel Geared"
"B4880rdSsm","Flexible Perforated Strip"
"147g0zn","Pivot Bolt"
"59bwtpl","Plastic Grip"
"187bgyspl","Wheel"
"S111000","Decal Sheet for 3150A"
"1900blm0","Flexible Plate"
"2210gdl0","Triangular Flexible Plate"
"S081000","Set of Magnetic Stickers for 8702"
"51fylc0","Flanged Plate"
"B0060grlpl","Sprocket"
"A0680orpl","Mask"
"59cwtpl","Plastic Grip"
"B7630ylpl","Bike Petrol Tank"
"3210bkpl","Steering Wheel"
"260forlpl","Steering Arm"
"1920bk0","Flexible Plate"
"B4870grnsm","Flexible Perforated Strip"
"2240yl0","Triangular Flexible Plate"
"J1000grlpl","Headlight"
"A2280gropl","Jerry can"
"260fcppl","Steering Arm"
"B6640alsm","Flexible Plate"
"B4870bkfsm","Flexible Perforated Strip"
"40cbk0","Hank of Cord"
"B7850rdpl","Mask"
"B9560orpl","Tongue"
"B4840wt0","Triangular Cupped Plate 38 x 38 x 38 mm"
"806b0zn","Narrow Strip"
"51f0zn","Flanged Plate"
"J31480cppl","Propeller"
"C6380wt0","Flag for Tintin Unicorn Set"
"B5720grnsm","S"""" Shaped Flexible Perforated Strip"
"260cgrutpl","Mini Strip 38 mm"
"133byl0","Corner Bracket"
"B7640ylpl","Straight Handles"
"73ardc0","Obtuse Flanged Plate"
"2240bld0","Triangular Flexible Plate"
"38ardpl","Plastic Washer"
"57bbkdc","Hook"
"90aor0","Curved Strip"
"103hylc0","Flat Girder"
"B4530gyspl","Locomotive Wheel"
"890gro0","Curved Strip"
"A651(1)bk0","Motor"
"B9540bkpl","Noise Unit"
"57cbkdc","Hook"
"235dmn0","Narrow Strip"
"12bbk0","Angle Bracket"
"235bkh0","Narrow Strip"
"B0310blpl","Adaptor"
"162cwt0","Boiler without Ends (open)"
"806bbkf0","Narrow Strip"
"10300zn","Flat Girder"
"B8900bktpl","Canopy for R/C Car 6950"
"B7400rdpl","Hand"
"2350rdS0","Narrow Strip"
"2a0zn","Battery Cell Li-ion NCA463436A"
"204cblpl","Cockpit Canopy"
"64a0br","Theaded Boss"
"C3830bk0","Pull Back Motor"
"36dbk0","Allen Key"
"B2050al0","Curved Strip"
"B02800pl","Bat Wing"
"300zn","Battery Cell Li-ion 3 1/2"
"103hkh0","Flat Girder"
"142mbkrb","Kart Tyre diam. 9mm"
"160dcp0","Deep Flanged plate 140 x 38 x 25 mm"
"B0310cppl","Adaptor"
"1a0zn","Battery Cell Li-ion 18650B"
"235hyl0","Narrow Strip"
"B7570bkst","Allen Bit for Screwdriver B752"
"C2400alsm","Flex. plate"
"2010bkf0","Flexible Gusset Plate"
"100bk0","Fishplate"
"480rd0","Double Angle Strip"
"806borl0","Narrow Strip"
"B7780orpl","Fingers"
"890blF0","Curved Strip"
"111a0zn","Bolt"
"B4520gyspl","Locomotive Wheel"
"50rdS0","Battery Cell Li-ion 2 1/2"
"9b0zn","Angle Girder"
"2210or/bk0","Triangular Flexible Plate"
"812d0zn","Narrow Obtuse Angle Bracket 1"""" x 1/2"
"2ardE0","Battery Cell Li-ion NCA523450C"
"1250rdn0","Reversed Angle Bracket"
"160grd0","Gearbox casing"
"51cgru0","Flanged Plate"
"318c0zn","Axle Rod Triangular Section 32mm"
"1890gysm","Flexible Plate"
"2010wtsm","Flexible Gusset Plate"
"20yl0","Battery Cell Li-ion CGA633850"
"J1000gdpl","Headlight"
"B7700blpl","Headlights"
"51grd0","Obtuse Flanged Plate"
"38bgypl","Plastic Washer"
"B9690blsm","Flex. Plate"
"B7330gypl","Bracket"
"235b0zn","Narrow Strip"
"13400zn","Crankshaft"
"B5840rdmsm","Flexible Curved Strip"
"28p3porlpl","Cont. Wheel"
"B5820gysm","Isosceles Trapez. Flex. Plate 38 x 25 x 90mm"
"24cgro0","Wheel Disc"
"B7290gypl","Bracket"
"B1670gdpl","Flanged Wheel"
"1880mnsm","Flexible Plate"
"260forltpl","Steering Arm"
"126acm0","Flat Trunnion"
"940agypl","Plastic Rod"
"J31510gypl","Handrail Support"
"B4880rdsm","Flexible Perforated Strip"
"B4820ylsm","Flexible Perforated Strip"
"1030rdS0","Flat Girder"
"51ebkc0","Semi-Flanged Plate"
"B7340gypl","Bracket"
"31500zn","Axle Rod Triangular Section 130mm"
"B0170rdtpl","Manifold"
"260ggypl","Track Rod Fork"
"B7320gypl","Channel Bearing"
"B4820gdlsm","Flexible Perforated Strip"
"213cbkrb","Flexible Rod Connector"
"120wt0","Angle Bracket"
"B7890grpl","Console"
"73agdl0","Obtuse Flanged Plate"
"1900al0","Flexible Plate"
"B5810bksm","Isosceles Triang. Flexible Plate"
"B70900pl","Curved Flexible Plate 100 x 38 mm"
"B9000crpl","Head lights"
"B9730bkfsm","Flexible Narrow Perforated Strip"
"B9530crpl","Rod Holder"
"28_pbkpl","Contrate Wheel"
"770(2)bk/bll0","Motor"
"6awt0","Battery Cell Li-ion 1 1/2"
"B668000","Battery Pack"
"19s0zn","Crank Handle"
"184gylpl","Translucent Pin"
"B6630tu0","Transition Cone"
"S112000","Decal Sheet for 3150B"
"144corpl","Driving Dog Triangular Hole"
"450wt0","Double Bent Strip"
"120eblpl","Mini Shock Absorber Pin"
"115d0zn","Long Threaded Pin with 2-flats Shoulder"
"B63000wd","Steps"
"38bbnpl","Plastic Washer"
"B7930grpl","Spoiler"
"480ylu0","Double Angle Strip"
"20grn0","Battery Cell Li-ion CGA543442"
"C5290crpl","Wing Tip"
"51cylc/bk0","Flanged Plate"
"103hyl0","Flat Girder"
"C03700pl","Isosc. Trapez. Flex. Plate"
"900bl0","Curved Strip"
"2350bk0","Narrow Strip"
"260jylpl","Obtuse Corner Bracket 38 x 25 mm"
"B4840rdmd0","Triangular Cupped Plate 38 x 38 x 38 mm"
"B7940grpl","Keel"
"B7650ylpl","Polygonal Handles"
"142jbkrb","Aero Tyre diam. 15mm"
"154akh0","Corner Angle Bracket"
"25c0dc","Pinion"
"B051(1)cppl","Strip"
"B59800wd","Fan"
"B7920grpl","Motor Cover"
"890ylE0","Curved Strip"
"J31410gypl","Flash Lamp"
"1890bkf0","Flexible Plate"
"B4870grmlsm","Flexible Perforated Strip"
"B2220bkpl","Univ. Gear Wheel"
"1030bld0","Flat Girder"
"190abk0","Flexible Plate"
"21500zn","Formed Slot Strip"
"B5830wtsm","Flexible Plate"
"142kbkrb","Bike Tyre diam. 25mm"
"B7220gypl","Bracket"
"38agrutpl","Plastic Washer"
"J31530rdpl","Sleeve"
"C35000pl","Cockpit Canopy"
"B7830grpl","Missiles"
"770(1)cp0","Motor"
"90agro0","Curved Strip"
"25e3pbkpl","Pinion"
"38dkh0","Washer"
"B2050ylR0","Curved Strip"
"142fbkrb","Tractor Tyre diam. 25 mm"
"235dbkf0","Narrow Strip"
"B5840wtsm","Flexible Curved Strip"
"B04700pl","Blimp"
"12ard0","Angle Bracket"
"C6340wt0","Sail for Tintin Unicorn Set"
"B6700gru0","RC Control"
"B0150cppl","Polygonal Bracket"
"120ebldpl","Mini Shock Absorber Pin"
"133bbk0","Corner Bracket"
"1890yl0","Flexible Plate"
"16a0zn","Axle Rod"
"187hbkrb","Wheel 3 Spoke"
"51dgd0","Corner Flanged Plate"
"B6660gdl0","Perforated Strip"
"60bn0","Battery Cell Li-ion 2"
"B5940blRpl","Side Mirror"
"19300pl","Transparent Plastic Plate"
"51dylc0","Corner Flanged Plate"
"B5910bkrb","Renault F1 Wheel"
"22bpwtpl","Pulley"
"B6900rdst","Compression Spring"
"25d3pgdpl","Pinion"
"8110kh0","Narrow Double Bracket"
"770bk0","Triangular Plate"
"21p3porpl","Pulley"
"7530bk0","2 x Spot Lights"
"48eyl0","Double Angle Strip"
"177abkrb","Flexible Seat Plastic"
"890ylR0","Curved Strip"
"B9450bk0","R/C Car Chassis for 8951"
"806bbk0","Narrow Strip"
"73aor0","Obtuse Flanged Plate"
"B5840blmsm","Flexible Curved Strip"
"900blR0","Curved Strip"
"410rdpl","Plastic wire"
"12cblR0","Obtuse Angle Bracket 1/2"""" x 1/2"
"740blt0","Flat Plate"
"2210bld0","Triangular Flexible Plate"
"B4840ylE0","Triangular Cupped Plate 38 x 38 x 38 mm"
"C1090bldtpl","Windscreen"
"235bal0","Narrow Strip"
"B4840amt0","Triangular Cupped Plate 38 x 38 x 38 mm"
"B6840bld0","Isosceles Triangular Cupped Plate"
"C4360be0","Double Bent Trapezoidal Plate"
"38ablpl","Plastic Washer"
"23cbkrb","Rubber pulley"
"C14000pl","Windshield for Canopy C139"
"187bgypl","Wheel"
"B7830gytpl","Missile"
"1900mn0","Flexible Plate"
"2010orsm","Flexible Gusset Plate"
"41bgypl","Ship's Propeller Plastic"
"B6840yl0","Isosceles Triangular Cupped Plate"
"A5210gypl","Seat"
"187cgypl","Wide Wheel Geared"
"J1010rdpl","Headlight glass"
"2210rdmd0","Triangular Flexible Plate"
"B7090grosm","Curved Flexible Plate 100 x 38 mm"
"B051(1)bltpl","Strip"
"8250bkf0","Narr. Obt. Reversed Angle Bracket 1/2"
"7600cp0","Gearbox 19:1"
"260crdtpl","Mini Strip 38 mm"
"B7300ylupl","Bracket"
"235gblm0","Narrow Strip"
"B7380grpl","Chest Plate"
"B4870cmsm","Flexible Perforated Strip"
"B7350gypl","Bracket"
"B9240khpl","Plastic Rod"
"B9530prtpl","Rod Holder"
"825a0zn","Narrow Reversed Angle Bracket"
"C5220prtpl","Missile"
"811a0zn","Narrow Double Bracket"
"204cbkpl","Cockpit Canopy"
"2210bn0","Triangular Flexible Plate"
"9l0zn","Angle Girder"
"B7370bkpl","Bonnet"
"B9750gyspl","Wheel Disk"
"C3750gyspl","Profiled Rod"
"25b3pgdpl","Pinion"
"B9540gyspl","Noise Unit"
"1880be0","Flexible Plate"
"B2050bkf0","Curved Strip"
"52150gd/bk0","Storage Case with lift-out tray"
"B6650gymlsm","Flexible Plate"
"187cgydpl","Wide Wheel Geared"
"Part No.0ColMat","Description"
"C2430bksm","Curved Flexible Plate 100 x 25 mm"
"187corlpl","Wide Wheel Geared"
"B9700pk0","Isosc. Trapez. Cupped Plate"
"B5820grlf0","Isosceles Trapez. Flex. Plate 38 x 25 x 90mm"
"B6800bkpl","Front Bumper"
"12cor0","Obtuse Angle Bracket 1/2"""" x 1/2"
"50grn0","Battery Cell Li-ion 2 1/2"
"162cbkf0","Boiler without Ends (open)"
"J31530bldtpl","Sleeve"
"60blt0","Battery Cell Li-ion 2"
"890gdl0","Curved Strip"
"2130wtpl","Rod Connector"
"133cgy0","Obtuse Corner Bracket"
"260ggdpl","Track Rod Fork"
"340aylupl","Lens - Small"
"B4800bksm","Isosceles Trapez. Flex. Plate 90 x 38 mm"
"990rdn0","Braced Girder"
"C3840bk0","Noise Module"
"23bporpl","Pulley"
"B7950grpl","Steering Wheel"
"B5810gysm","Isosceles Triang. Flexible Plate"
"B8920rdpl","Tail lights"
"160dkh0","Deep Flanged plate 140 x 38 x 25 mm"
"C5190gyspl","Profiled Rod"
"740blc0","Flat Plate"
"400zn","Battery Cell Li-ion 3"
"187frdpl","Road Wheel"
"C1390bkpl","Canopy"
"8250yl0","Narr. Obt. Reversed Angle Bracket 1/2"
"11500zn","Threaded Pin"
"B59700wd","Platform"
"1250bk0","Reversed Angle Bracket"
"321bbkpl","Steering Wheel"
"B8630rdmsm","Isosceles Trapez. Flex. Plate 60 x 38 x 60mm"
"C32300zn","Isosceles Triangular Cupped Plate"
"162a0zn","Boiler End"
"9f0zn","Angle Girder"
"B7090blsm","Curved Flexible Plate 100 x 38 mm"
"50yl0","Battery Cell Li-ion 2 1/2"
"133cgru0","Obtuse Corner Bracket"
"B4820besm","Flexible Perforated Strip"
"235drd0","Narrow Strip"
"B7270bkpl","Triangular Bracket"
"260cgrupl","Mini Strip 38 mm"
"C4410orpl","Plastic Rod"
"2010alsm","Flexible Gusset Plate"
"23bporltpl","Pulley"
"103hbk0","Flat Girder"
"16300zn","Sleeve Piece"
"B5720grosm","S"""" Shaped Flexible Perforated Strip"
"540rdn0","Flanged Sector Plate"
"154bkh0","Corner Angle Bracket"
"126akh0","Flat Trunnion"
"812bkh0","Narrow Angle Bracket"
"C3230bld0","Isosceles Triangular Cupped Plate"
"B6840rdm0","Isosceles Triangular Cupped Plate"
"NoNr3300","Decal Sheet for Set 0522"
"C33100zn","Narrow Double Obtuse Bracket"
"9400gdpl","Plastic Rod"
"12dkh0","Obtuse Angle Bracket 1"""" x 1/2"
"B8570gymsm","Flexible Perforated Strip"
"S090000","Decal Sheet for 4952"
"C5190grlpl","Profiled Rod"
"B8560orsm","Flexible Curved Strip"
"B7670ylpl","Exhaust Outlet"
"126ablt0","Flat Trunnion"
"103l0zn","Flat Girder"
"B6630gro0","Transition Cone"
"22bporpl","Pulley"
"216abkf0","Cylinder"
"B8110rdpl","Exhaust"
"126ardn0","Flat Trunnion"
"260bgyspl","Suspension Outer Bracket"
"1880blR0","Flexible Plate"
"B7910grpl","Ski"
"900blmd0","Curved Strip"
"B0150ylpl","Polygonal Bracket"
"27a3porpl","Gear Wheel"
"120egyspl","Mini Shock Absorber Pin"
"B4840bkf0","Triangular Cupped Plate 38 x 38 x 38 mm"
"51d0zn","Corner Flanged Plate"
"C1090grltpl","Windscreen"
"16b0zn","Axle Rod"
"B9130khpl","Slotted Lever Bar"
"B6630grm0","Transition Cone"
"C4720bkf0","Braced Asymmetric Triangular Plate"
"B07800wd","Door"
"260fgypl","Steering Arm"
"1890bk0","Flexible Plate"
"C1090rdtpl","Windscreen"
"C1340bkpl","Pulley"
"51bcp0","Flanged Plate"
"25b3prdpl","Pinion"
"B4840blt0","Triangular Cupped Plate 38 x 38 x 38 mm"
"B5840rdsm","Flexible Curved Strip"
"51gkh0","Obtuse Flanged Plate"
"38bkhpl","Plastic Washer"
"B9140khpl","Slotted Lever Bar"
"51gorl0","Obtuse Flanged Plate"
"B6640ylsm","Flexible Plate"
"825aal0","Narrow Reversed Angle Bracket"
"160dgycl0","Deep Flanged plate 140 x 38 x 25 mm"
"B08300wd","Strip"
"23b3pgdpl","Pulley"
"1880ylsm","Flexible Plate"
"C5200crpl","Missile Launcher"
"B6730rdpl","Pointer (seconds)"
"B9690grmlsm","Flex. Plate"
"812b0zn","Narrow Angle Bracket"
"142nbkrb","Kart Tyre diam. 9mm"
"S118000","Decal Sheet for 5102"
"S088000","British Airforce Roundel"
"C1090ylpl","Windscreen"
"B6640bksm","Flexible Plate"
"J31410orpl","Flash Lamp"
"48a0zn","Double Angle Strip"
"B752(2)gy0","Power Tool"
"103f0zn","Flat Girder"
"2250wt0","Triangular Flexible Plate"
"B7220grupl","Bracket"
"B1140bkpl","Batteries Holder Lids (pair)"
"60rdS0","Battery Cell Li-ion 2"
"B6840bk0","Isosceles Triangular Cupped Plate"
"187cgdpl","Wide Wheel Geared"
"A651(1)cp0","Motor"
"27a3pkhpl","Gear Wheel"
"900kh0","Curved Strip"
"50tu0","Battery Cell Li-ion 2 1/2"
"B4870blmdsm","Flexible Perforated Strip"
"2010amtsm","Flexible Gusset Plate"
"260cbkpl","Mini Strip 38 mm"
"C3690rdm0","Obtuse Flanged Trapezoidal Plate"
"12600zn","Trunnion"
"B0930gyspl","Plastic Semi-Globe Window"
"31600zn","Axle Rod Triangular Section 90mm"
"9400prpl","Plastic Rod"
"40grm0","Battery Cell Li-ion 3"
"A7170wtrb","Hose"
"1900wt0","Flexible Plate"
"410blpl","Plastic wire"
"B9700tu0","Isosc. Trapez. Cupped Plate"
"B98500zn","Braced Girder"
"B6840yld0","Isosceles Triangular Cupped Plate"
"B9700al0","Isosc. Trapez. Cupped Plate"
"B7370gypl","Bonnet"
"B6780bkfdc","Nose/Tail Cone"
"B6080alsm","Isosceles Triangular Flexible Plate"
"103gbn0","Flat Girder"
"260igypl","Track Rod End"
"28p3prdpl","Cont. Wheel"
"51akh0","Flanged Plate"
"51cylmd0","Flanged Plate"
"B5810pksm","Isosceles Triang. Flexible Plate"
"1900or0","Flexible Plate"
"160dblt0","Deep Flanged plate 140 x 38 x 25 mm"
"B6630wt0","Transition Cone"
"C3230al0","Isosceles Triangular Cupped Plate"
"J1000cppl","Headlight"
"B7780grpl","Fingers"
"73ardm0","Obtuse Flanged Plate"
"9400rdpl","Plastic Rod"
"38abkpl","Plastic Washer"
"770ylR0","Triangular Plate"
"480yl0","Double Angle Strip"
"C1090grupl","Windscreen"
"90a0zn","Curved Strip"
"J31420blpl","Double Pulley"
"C3940orl0","Nuts Holder Bar"
"B7260bkpl","Plug 25.4 mm (1"""")"
"B4800gysm","Isosceles Trapez. Flex. Plate 90 x 38 mm"
"B48400zn","Triangular Cupped Plate 38 x 38 x 38 mm"
"260agrmpl","Suspension Mounting Bracket"
"B8140bk0","Connecting Cables"
"J1020bkpl","Plug"
"51ablt0","Flanged Plate"
"51for0","Flanged Plate"
"51eprt0","Semi-Flanged Plate"
"7600kh0","Gearbox 19:1"
"2250ylmd0","Triangular Flexible Plate"
"51gyl0","Obtuse Flanged Plate"
"B0310bnpl","Adaptor"
"110corltpl","Rack Strip"
"B4880grosm","Flexible Perforated Strip"
"2awt0","Battery Cell Li-ion NCA523450E"
"740wt0","Flat Plate"
"C6170rd0","Trapezoidal Plate"
"8250bk0","Narr. Obt. Reversed Angle Bracket 1/2"
"B8170khpl","Plastic Rod"
"B7970grpl","Steering Column"
"38aorltpl","Plastic Washer"
"410grupl","Plastic wire"
"2350rd0","Narrow Strip"
"B7660ylpl","Seat"
"30wt0","Battery Cell Li-ion 3 1/2"
"73agd0","Obtuse Flanged Plate"
"C3710bkf0","Bent Braced Girder"
"J31420cppl","Double Pulley"
"2010grosm","Flexible Gusset Plate"
"50bk0","Battery Cell Li-ion 2 1/2"
"B4840yl0","Triangular Cupped Plate 38 x 38 x 38 mm"
"C33000zn","Narrow Angle Bracket"
"B7270gypl","Triangular Bracket"
"C6360wt0","Sail for Tintin Unicorn Set"
"6aprm0","Battery Cell Li-ion 1 1/2"
"1880gymlsm","Flexible Plate"
"120egrtpl","Mini Shock Absorber Pin"
"C3040grmpl","Nose"
"38abltpl","Plastic Washer"
"260frdtpl","Steering Arm"
"B9200grm0","Curved Plate"
"J31250ylpl","Top Small Chest"
"1890rdE0","Flexible Plate"
"187cprpl","Wide Wheel Geared"
"1awt0","Battery Cell Li-ion 18650D"
"120kh0","Angle Bracket"
"11akh0","Double Bracket"
"187kbkrb","Wheel Diam. Tread"
"21p3pcppl","Pulley"
"900bkf0","Curved Strip"
"2350bl0","Narrow Strip"
"B8640grmlsm","Flexible Plate"
"B2050cm0","Curved Strip"
"C1350bkpl","Connector"
"186abkrb","Driving Band"
"324aorltpl","Capot"
"6ardm0","Battery Cell Li-ion 1 1/2"
"B1090wtpl","Wheel Hub"
"12bblt0","Angle Bracket"
"B9150khpl","Tapered Slot Lever Bar"
"B6780wtdc","Nose/Tail Cone"
"B04600wd","Wings"
"9bwt0","Angle Girder"
"41brdpl","Ship's Propeller Plastic"
"2010blmsm","Flexible Gusset Plate"
"C1770bk/or0","Mot. 6Vdc"
"B4820ylRsm","Flexible Perforated Strip"
"187crdpl","Wide Wheel Geared"
"S110000","Decal Sheet for 3100B"
"16000zn","Channel Bearing"
"C3800gyspl","Corrugated Tubing"
"12bgym0","Angle Bracket"
"C1840bkrb","Crawler Track"
"B1010bkpl","Excavator Wheel"
"235bwt0","Narrow Strip"
"51ayl0","Flanged Plate"
"C32700zn","Threaded Strip"
"B4820orsm","Flexible Perforated Strip"
"C3710orl0","Bent Braced Girder"
"19h0zn","Crank Handle"
"B7090bksm","Curved Flexible Plate 100 x 38 mm"
"B4880bksm","Flexible Perforated Strip"
"770bkf0","Triangular Plate"
"B6080rdmsm","Isosceles Triangular Flexible Plate"
"812dor0","Narrow Obtuse Angle Bracket 1"""" x 1/2"
"51ablc0","Flanged Plate"
"B9690rdtsm","Flex. Plate"
"12a0zn","Angle Bracket"
"22b3porpl","Pulley"
"260jgrutpl","Obtuse Corner Bracket 38 x 25 mm"
"235hbkf0","Narrow Strip"
"740rdE0","Flat Plate"
"806brd0","Narrow Strip"
"B4870ylmdsm","Flexible Perforated Strip"
"B6080bldsm","Isosceles Triangular Flexible Plate"
"B0150gypl","Polygonal Bracket"
"B8630orsm","Isosceles Trapez. Flex. Plate 60 x 38 x 60mm"
"430bk0","Tension Spring"
"2360rdE0","Flanged Plate"
"S108000","Decal Sheet for 2100B"
"27fbkpl","Univ. Gear Wheel"
"235hblt0","Narrow Strip"
"B5720blmdsm","S"""" Shaped Flexible Perforated Strip"
"103fblm0","Flat Girder"
"B4840bld0","Triangular Cupped Plate 38 x 38 x 38 mm"
"1860bkrb","Driving Band"
"B4800blRsm","Isosceles Trapez. Flex. Plate 90 x 38 mm"
"48b0zn","Double Angle Strip"
"4700zn","Double Angle Strip"
"B7360gypl","Bracket"
"186ggyrb","Driving Band"
"S048000","Decal Sheet for 8651"
"530blcl0","Flanged Plate"
"1090blF0","Face Plate"
"213ckhrb","Flexible Rod Connector"
"S116a-b00","Decal Sheet for 3350B"
"B4820rdSsm","Flexible Perforated Strip"
"C5210bldtpl","Missile"
"260jorpl","Obtuse Corner Bracket 38 x 25 mm"
"2240cm0","Triangular Flexible Plate"
"22c3porpl","Pulley"
"C1820rd0","Infra Red Control"
"2250grm0","Triangular Flexible Plate"
"7610bk0","Motor with Battery Box"
"260fgrupl","Steering Arm"
"B90700pl","Fiberglass Rod"
"184gprpl","Translucent Pin"
"900grml0","Curved Strip"
"260bgypl","Suspension Outer Bracket"
"133bylmd0","Corner Bracket"
"B08000wd","Propeller Blade"
"90aal0","Curved Strip"
"B92300st","Compression Spring"
"260cgypl","Mini Strip 38 mm"
"B5820blsm","Isosceles Trapez. Flex. Plate 38 x 25 x 90mm"
"1100zn","Double Bracket"
"22b3prdpl","Pulley"
"B4840al0","Triangular Cupped Plate 38 x 38 x 38 mm"
"20rd0","Battery Cell Li-ion CGA632750"
"235hbl0","Narrow Strip"
"144cylpl","Driving Dog Triangular Hole"
"J31530bkpl","Sleeve"
"89bbkf0","Curved Strip"
"51cblcl0","Flanged Plate"
"60rdE0","Battery Cell Li-ion 2"
"600zn","Battery Cell Li-ion 2"
"990rdE0","Braced Girder"
"18a0zn","Axle Rod"
"C1770bk/rd0","Mot. 6Vdc"
"9130gru0","Plastic wire diam. 1 mm"
"6ayl0","Battery Cell Li-ion 1 1/2"
"51bblcl0","Flanged Plate"
"51bkh0","Flanged Plate"
"B7410crpl","Nose Spinner"
"52150gys/bk0","Storage Case with lift-out tray"
"110cgyspl","Rack Strip"
"C6120gyd0","R/C Car Chassis"
"B7090grmlsm","Curved Flexible Plate 100 x 38 mm"
"B8650pksm","Flexible Gusset Plate"
"B0910gyspl","Rocket Body"
"B4880grmlsm","Flexible Perforated Strip"
"B7470bkpl","Off-Road Wheel"
"324aylpl","Capot"
"520bkc0","Flanged Plate"
"B4820alsm","Flexible Perforated Strip"
"812drd0","Narrow Obtuse Angle Bracket 1"""" x 1/2"
"B7960grpl","Bridge"
"38agrtpl","Plastic Washer"
"2210yl/bk0","Triangular Flexible Plate"
"530rdE0","Flanged Plate"
"B6630bkf0","Transition Cone"
"B6080grosm","Isosceles Triangular Flexible Plate"
"260jkhpl","Obtuse Corner Bracket 38 x 25 mm"
"806bblR0","Narrow Strip"
"260cgydpl","Mini Strip 38 mm"
"B08400wd","Plate"
"260corlpl","Mini Strip 38 mm"
"740cm0","Flat Plate"
"260cbnpl","Mini Strip 38 mm"
"A0900gypl","Screwdriver Tip"
"B9930gyspl","Wheel with Tyre"
"12bylmd0","Angle Bracket"
"B4870besm","Flexible Perforated Strip"
"133akh0","Corner Bracket"
"2210grm0","Triangular Flexible Plate"
"126abkc0","Flat Trunnion"
"520rdE0","Flanged Plate"
"51grdm0","Obtuse Flanged Plate"
"51gbk0","Obtuse Flanged Plate"
"520grn0","Flanged Plate"
"2000gro0","Curved Plate"
"B6840grm0","Isosceles Triangular Cupped Plate"
"30cm0","Battery Cell Li-ion 3 1/2"
"B4840prm0","Triangular Cupped Plate 38 x 38 x 38 mm"
"770(2)bk0","Motor"
"B5720bksm","S"""" Shaped Flexible Perforated Strip"
"B5810or0","Isosceles Triangular Flexible Plate"
"190ardE0","Flexible Plate"
"C1890ylpl","Spoked Wheel"
"B5720blmlsm","S"""" Shaped Flexible Perforated Strip"
"73a0zn","Obtuse Flanged Plate"
"J31420bldtpl","Double Pulley"
"B7860grpl","Seat"
"213d0zn","Short Rod Connector"
"260fkhpl","Steering Arm"
"J31410blpl","Flash Lamp"
"90agrlm0","Curved Strip"
"8900zn","Curved Strip"
"C0690bktpl","Windscreen for RC Car 9950"
"C6270yl0","Plastic Rod"
"38atupl","Plastic Washer"
"216abk0","Cylinder"
"2000grm0","Curved Plate"
"9d0zn","Angle Girder"
"B9690rd0","Flex. plate"
"B4840bk0","Triangular Cupped Plate 38 x 38 x 38 mm"
"204corpl","Cockpit Canopy"
"1880wtsm","Flexible Plate"
"38abnpl","Plastic Washer"
"B5810bll0","Isosceles Triang. Flexible Plate"
"1bwt0","Battery Cell Li-ion 18650F"
"B906000","R/C Control for Cars 8950"
"51c0zn","Flanged Plate"
"B4820blmlsm","Flexible Perforated Strip"
"C5180grltpl","Green Crystal for Space Chaos Silver Force sets"
"260iorpl","Track Rod End"
"B4870prmsm","Flexible Perforated Strip"
"B7290grupl","Bracket"
"69a0zn","Grub Screw"
"73ayl0","Obtuse Flanged Plate"
"51drdc0","Corner Flanged Plate"
"103e0zn","Flat Girder"
"25b3porlpl","Pinion"
"890yl0","Curved Strip"
"51ebkf0","Semi-Flanged Plate"
"11agrn0","Double Bracket"
"260jrdtpl","Obtuse Corner Bracket 38 x 25 mm"
"120erddtpl","Mini Shock Absorber Pin"
"40bkf0","Battery Cell Li-ion 3"
"B5720prmsm","S"""" Shaped Flexible Perforated Strip"
"B051(1)gdpl","Strip"
"B6660al0","Perforated Strip"
"22_pylpl","Pulley"
"770gru0","Triangular Plate"
"S115000","Decal Sheet for 2350A  and  2350B"
"1880rdmsm","Flexible Plate"
"22b3porltpl","Pulley"
"S085000","Decal Sheet for 8950"
"C1920pksm","Triangular Flexible Plate"
"1990al0","Curv. Plt"
"B7560bkpl","Plate"
"C5160bkpl","Canopy"
"B9920bktpl","Windscreen for set 7700N"
"C4470blpl","Plastic Rod"
"2240bkf0","Triangular Flexible Plate"
"J31270bkpl","Grid"
"55a0zn","Perforated Strip"
"6300br","Coupling"
"B7420orpl","Mask"
"11bbkf0","Double Bracket"
"B8650orsm","Flexible Gusset Plate"
"213d3porpl","Triang. Rod Connector"
"120egdpl","Mini Shock Absorber Pin"
"B4840mn0","Triangular Cupped Plate 38 x 38 x 38 mm"
"204c0pl","Cockpit Canopy"
"B5820rd0","Isosceles Trapez. Flex. Plate 38 x 25 x 90mm"
"2240grosm","Triangular Flexible Plate"
"B5810mnsm","Isosceles Triang. Flexible Plate"
"100grn0","Fishplate"
"133a0zn","Corner Bracket"
"B0310rdpl","Adaptor"
"6aal0","Battery Cell Li-ion 1 1/2"
"8250wt0","Narr. Obt. Reversed Angle Bracket 1/2"
"12b0zn","Angle Bracket"
"B4530gdpl","Locomotive Wheel"
"187q0cr","Conical Disk"
"B16000wd","Obtuse Slotted Strip"
"S107000","Decal Sheet for 2100A"
"1880pksm","Flexible Plate"
"50wt0","Battery Cell Li-ion 2 1/2"
"38bgydpl","Plastic Washer"
"187nbkrb","Wheel 5 Spoke"
"C4820crpl","Wheel Hub"
"38borlpl","Plastic Washer"
"510bk0","Flanged Plate"
"187cblpl","Wide Wheel Geared"
"S047000","Decal Sheet for 8650"
"B4520gdpl","Locomotive Wheel"
"B4880besm","Flexible Perforated Strip"
"C4700crpl","Mirror"
"B2050kh0","Curved Strip"
"C5060crpl","Spaceship Nose for Space Chaos Silver Force Sets"
"C3240gyd0","R/C Car Chassis"
"19bbkc0","Pulley"
"1330bkf0","Corner Bracket"
"12cyl0","Obtuse Angle Bracket 1/2"""" x 1/2"
"7600bk0","Gearbox 19:1"
"12byl0","Angle Bracket"
"C5230gyspl","Wheel Disc"
"50ylR0","Battery Cell Li-ion 2 1/2"
"B6840rd0","Isosceles Triangular Cupped Plate"
"184ggrupl","Translucent Pin"
"23c3pbkrb","Rubber pulley"
"26_pbkpl","Pinion"
"B9690prsm","Flex. Plate"
"B5830blmsm","Flexible Plate"
"235g0zn","Narrow Strip"
"111e0zn","Bolt"
"1890grosm","Flexible Plate"
"B7420rdpl","Mask"
"235grdS0","Narrow Strip"
"S096000","Decal Sheet for 8956"
"B1790orpl","Plastic Rod"
"187bcppl","Wheel"
"142rbkrb","Tyre for 187c"
"1330yl0","Corner Bracket"
"740gd0","Flat Plate"
"B0170grutpl","Manifold"
"9130bl0","Plastic wire diam. 1 mm"
"1890cm0","Flexible Plate"
"9400grpl","Plastic Rod"
"C2410bkfsm","Obtuse Gusset Plate"
"187ccppl","Wide Wheel Geared"
"2120kh0","Rod and Strip Connector"
"J31410bldtpl","Flash Lamp"
"2210amt0","Triangular Flexible Plate"
"B051(1)bldtpl","Strip"
"23bpbkpl","Pulley"
"2350kh0","Narrow Strip"
"B6840ylE0","Isosceles Triangular Cupped Plate"
"18c0zn","Axle Rod"
"B74500zn","Bolt 19 mm (3/4"""")"
"B6840amt0","Isosceles Triangular Cupped Plate"
"J31530gypl","Sleeve"
"B9690gylpsm","Flex. Plate"
"A4680wtpl","Helmet"
"1880grolsm","Flexible Plate"
"B6840ylmd0","Isosceles Triangular Cupped Plate"
"2350bkf0","Narrow Strip"
"160ggycl0","Gearbox casing"
"103dyl0","Flat Girder"
"B74400zn","Bolt 12.7 mm (1/2"""")"
"B09300pl","Clear plastic Semi-Globe Window"
"B4800alsm","Isosceles Trapez. Flex. Plate 90 x 38 mm"
"103lwt0","Flat Girder"
"25b3pylpl","Pinion"
"C1380bkpl","Spaceship Nose for Dark Pir. Space Chaos Sets"
"B4820blsm","Flexible Perforated Strip"
"2210al0","Triangular Flexible Plate"
"C39600zn","Threaded Strip"
"B5810blsm","Isosceles Triang. Flexible Plate"
"90agrn0","Curved Strip"
"B9730pksm","Flexible Narrow Perforated Strip"
"1900be0","Flexible Plate"
"1500zn","Axle Rod"
"B7730blpl","Bug Head"
"B8650alsm","Flexible Gusset Plate"
"120eprpl","Mini Shock Absorber Pin"
"B0060gypl","Sprocket"
"B7830grtpl","Missile"
"2010rdEsm","Flexible Gusset Plate"
"A4750rdpl","Cap"
"940dorlpl","Plastic Rod"
"9a0zn","Angle Girder"
"12drdm0","Obtuse Angle Bracket 1"""" x 1/2"
"1400zn","Axle Rod"
"147d0zn","Pivot Bolt"
"38bbkpl","Plastic Washer"
"318a0zn","Axle Rod Triangular Section 38mm"
"B9740pksm","Flexible Narrow Perforated Strip"
"B7740blpl","Bug Scales"
"C6160rd0","Semi-Circular Plate"
"B7290bkpl","Bracket"
"B7380rdpl","Chest Plate"
"B670000","RC Control"
"235a0zn","Narrow Strip"
"133ckh0","Obtuse Corner Bracket"
"B7720blpl","Side Mirrors"
"184gblpl","Translucent Pin"
"C6200bk0","R/C Control for Turbo RC Pro Set 8350"
"120egytpl","Mini Shock Absorber Pin"
"142gbkrb","Tractor Tyre diam. 12 mm"
"846ablt0","Narrow Double Angle Strip"
"410gypl","Plastic wire"
"1920al0","Flexible Plate"
"J31530bnpl","Sleeve"
"B6080bksm","Isosceles Triangular Flexible Plate"
"50bkf0","Battery Cell Li-ion 2 1/2"
"260corpl","Mini Strip 38 mm"
"21_pylpl","Pulley"
"P02300pl","Human Figurine"
"80a0br","Screwed Rod"
"B48000pl","Isosc. Trapez. Flex. Plate 90 x 38 x 75mm."
"22bpbkpl","Pulley"
"51cblt0","Flanged Plate"
"S119000","Decal Sheet for 6102"
"73ardt0","Obtuse Flanged Plate"
"S089000","Decal Sheet for 4951"
"B6740bkpl","Pointer (minutes)"
"103g0zn","Flat Girder"
"321abkpl","Rally Steering Wheel Triang. Hole Plast."
"806bkh0","Narrow Strip"
"51fkh0","Flanged Plate"
"1630bkf0","Sleeve Piece"
"B6840grol0","Isosceles Triangular Cupped Plate"
"812drdm0","Narrow Obtuse Angle Bracket 1"""" x 1/2"
"2250bkf0","Triangular Flexible Plate"
"187cgrpl","Wide Wheel Geared"
"187ardE0","Conical Disc 48 mm diam."
"27a3pbkpl","Gear Wheel"
"C6320wt0","Sail for Tintin Unicorn Set"
"50lgd0","Battery Cell Li-ion 2 1/2"
"470gru0","Double Angle Strip"
"B8860gyd0","R/C Car Chassis for 8950"
"S114000","Decal Sheet for 4100B"
"B7790grpl","Upper Jaws"
"126aor0","Flat Trunnion"
"2240rdS0","Triangular Flexible Plate"
"S084000","Decal Sheet for 6950"
"2010gyml0","Flexible Gusset Plate"
"P03100pl","Crazy Inventor Figurine"
"142lbkrb","Aero Tyre diam. 9mm"
"51fylu0","Flanged Plate"
"B051(1)orltpl","Strip"
"C1090ortpl","Windscreen"
"B4870orsm","Flexible Perforated Strip"
"2120yl0","Rod and Strip Connector"
"184g0pl","Translucent Pin"
"S121000","Decal Sheet for 6350"
"890bk0","Curved Strip"
"C0450bk0","Multi Flanged Plate"
"B9700bl0","Isosc. Trapez. Cupped Plate"
"B5720tusm","S"""" Shaped Flexible Perforated Strip"
"260fblpl","Steering Arm"
"B59900wd","Clock Dial Support"
"B4820gymlsm","Flexible Perforated Strip"
"B5720ylSsm","S"""" Shaped Flexible Perforated Strip"
"21p3pgypl","Pulley"
"260ctutpl","Mini Strip 38 mm"
"C6310wt0","Sail for Tintin Unicorn Set"
"22c3pcppl","Pulley"
"22apbkpl","Pulley"
"186bbkrb","Driving Band"
"S045000","Decal Sheet for 8600"
"B7560gypl","Plate"
"B9530bldtpl","Rod Holder"
"B6650blmdsm","Flexible Plate"
"51bbk0","Flanged Plate"
"B7770orpl","Claws"
"235dbk0","Narrow Strip"
"480or0","Double Angle Strip"
"133b0zn","Corner Bracket"
"51ecp0","Semi-Flanged Plate"
"B4840blm0","Triangular Cupped Plate 38 x 38 x 38 mm"
"B7240bkpl","Plug 12.7 mm (1/2"""")"
"235agru0","Narrow Strip"
"38aprpl","Plastic Washer"
"20kh0","Battery Cell Li-ion CGA573536A"
"235gal0","Narrow Strip"
"50cm0","Battery Cell Li-ion 2 1/2"
"B7220bkpl","Bracket"
"1akh0","Battery Cell Li-ion 18650C"
"2150ylR0","Formed Slot Strip"
"60grm0","Battery Cell Li-ion 2"
"B8850bkpl","Bumper"
"2aylu0","Battery Cell Li-ion NCA523450F"
"720bk0","Flat Plate"
"B7000bkrb","Tyre"
"B96500pl","Fiberglass Rod"
"C4910crpl","Motor and Chassis Block"
"B5920bkrb","Renault F1 Wheel"
"216awt0","Cylinder"
"7700zn","Triangular Plate"
"A6500kh0","Motor"
"235hpk0","Narrow Strip"
"B9530bkpl","Rod Holder"
"51gor0","Obtuse Flanged Plate"
"C1910pksm","Isosceles Trapezoidal Flex. Plate"
"40bbk0","Hank of Cord"
"2210mn0","Triangular Flexible Plate"
"2000be0","Curved Plate"
"37bbk0","Bolt"
"51fbkc0","Flanged Plate"
"4600zn","Double Angle Strip"
"B9200rdS0","Curved Plate"
"B9700bkf0","Isosc. Trapez. Cupped Plate"
"2210bkf0","Triangular Flexible Plate"
"B8550orsm","Flexible Plate"
"B8960bktpl","Canopy for R/C Car 8950"
"812dkh0","Narrow Obtuse Angle Bracket 1"""" x 1/2"
"38akhpl","Plastic Washer"
"B5720bkfsm","S"""" Shaped Flexible Perforated Strip"
"B6840bkf0","Isosceles Triangular Cupped Plate"
"B69600zn","Pivot Bolt"
"B5810grosm","Isosceles Triang. Flexible Plate"
"12cbk0","Obtuse Angle Bracket 1/2"""" x 1/2"
"B4840or0","Triangular Cupped Plate 38 x 38 x 38 mm"
"900wt0","Curved Strip"
"331nbkrb","Road Wheel"
"1910bk0","Flexible Plate"
"J750wtpl","MJ Rim"
"B7330crpl","Bracket"
"B8910bkpl","Front Grille for R/C Car 8951"
"B6840blt0","Isosceles Triangular Cupped Plate"
"235h0zn","Narrow Strip"
"2210wtsm","Triangular Flexible Plate"
"23b3pbkpl","Pulley"
"7400zn","Flat Plate"
"C13600br","Screwed Rod"
"C2440bkfsm","Trapezoidal Flexible Plate"
"B6690sv0","Battery Charger Body"
"51fyl0","Flanged Plate"
"187bylpl","Wheel"
"9dgym0","Angle Girder"
"C1410bkpl","Canopy"
"60blF0","Battery Cell Li-ion 2"
"900or0","Curved Strip"
"120df0dc","Female Half  Shock Absorber"
"B4890bksm","Isosceles Trapez. Flex. Plate 115 x 60 mm"
"260hgypl","Steering Wheel Mountig Bracket"
"187cylpl","Wide Wheel Geared"
"59abkrb","End Cap"
"15b0zn","Axle Rod"
"S116000","Decal Sheet for 3350A"
"2010gdl0","Flexible Gusset Plate"
"B7340crpl","Bracket"
"2350gru0","Narrow Strip"
"S086000","Decal Sheet for 8951"
"103frd0","Flat Girder"
"260abkpl","Suspension Mounting Bracket"
"812dgrl0","Narrow Obtuse Angle Bracket 1"""" x 1/2"
"C5210bltpl","Missile"
"B4870alsm","Flexible Perforated Strip"
"B4880orsm","Flexible Perforated Strip"
"J31300rdpl","Motor Bracket"
"51grdmd0","Obtuse Flanged Plate"
"B5810ylmsm","Isosceles Triang. Flexible Plate"
"B9700orl0","Isosc. Trapez. Cupped Plate"
"200zn","Battery Cell Li-ion 18650PF"
"B051(2)grupl","Strip"
"13700zn","Wheel Flange"
"B4840bn0","Triangular Cupped Plate 38 x 38 x 38 mm"
"B6840orl0","Isosceles Triangular Cupped Plate"
"12bmn0","Angle Bracket"
"B4800blsm","Isosceles Trapez. Flex. Plate 90 x 38 mm"
"770(2)gys0","Motor"
"1910mn0","Flexible Plate"
"51dgru0","Corner Flanged Plate"
"23b3porlpl","Pulley"
"B8650blsm","Flexible Gusset Plate"
"B4820rdmsm","Flexible Perforated Strip"
"260hgyspl","Steering Wheel Mountig Bracket"
"1890ylR0","Flexible Plate"
"B11500zn","Long Threaded Pin with Shoulder"
"900bn0","Curved Strip"
"51bgru0","Flanged Plate"
"B6750bkpl","Pointer (hours)"
"9c0zn","Angle Girder"
"315a0zn","Axle Rod Triangular Section 115mm"
"B5820ylR0","Isosceles Trapez. Flex. Plate 38 x 25 x 90mm"
"B6390gyspl","Plastic Semi-Globe Window"
"B8950crpl","Head lights"
"100zn","Battery Cell Li-ion 18650"
"31700zn","Axle Rod Triangular Section 50mm"
"C10900pl","Windscreen for set 4700N"
"B4870grolsm","Flexible Perforated Strip"
"B692000","Transformer with plug for Battery Charger"
"740blcl0","Flat Plate"
"216agrm0","Cylinder"
"1630rdS0","Sleeve Piece"
"C1770bk/yl0","Mot. 6Vdc"
"520bn0","Flanged Plate"
"12500zn","Reversed Angle Bracket"
"C0600gyd0","RC Car Chassis with MP3"
"B7290orlpl","Bracket"
"11100zn","Bolt"
"S109000","Decal Sheet for 3100A"
"190agyml0","Flexible Plate"
"890rdt0","Curved Strip"
"B8550alsm","Flexible Plate"
"C3690bkf0","Obtuse Flanged Trapezoidal Plate"
"B4880khsm","Flexible Perforated Strip"
"B6840grml0","Isosceles Triangular Cupped Plate"
"C1090tutpl","Windscreen"
"B6080gysm","Isosceles Triangular Flexible Plate"
"B2050bk0","Curved Strip"
"B4880ylmdsm","Flexible Perforated Strip"
"144corlpl","Driving Dog Triangular Hole"
"103h0zn","Flat Girder"
"51gprt0","Obtuse Flanged Plate"
"B4820bksm","Flexible Perforated Strip"
"21p3porlpl","Pulley"
"B7710blpl","Bumper"
"740ylR0","Flat Plate"
"51egd0","Semi-Flanged Plate"
"60ylE0","Battery Cell Li-ion 2"
"235abk0","Narrow Strip"
"27apbkpl","Gear Wheel"
"7530ylu0","Spot Light"
"38btupl","Plastic Washer"
"120c0st","Compression Spring"
"B7250bkpl","Plug 19 mm (3/4"""")"
"142pbkrb","Tyre for 187b"
"S044000","Decal Sheet for 7600"
"B4840bl0","Triangular Cupped Plate 38 x 38 x 38 mm"
"900blm0","Curved Strip"
"73abkf0","Obtuse Flanged Plate"
"B8130rdpl","Bumper"
"B4870mnsm","Flexible Perforated Strip"
"23250gys0","Power Tool"
"12cblm0","Obtuse Angle Bracket 1/2"""" x 1/2"
"120drrdst","Shock Absorber Spring"
"B4880alsm","Flexible Perforated Strip"
"51grdt0","Obtuse Flanged Plate"
"S067000","Decal Sheet for 0508"
"770(2)cp0","Motor"
"23bpwtpl","Pulley"
"812dyll0","Narrow Obtuse Angle Bracket 1"""" x 1/2"
"C0610gro0","Curved Plate"
"B6080rdSsm","Isosceles Triangular Flexible Plate"
"22c3pylpl","Pulley"
"73ablt0","Obtuse Flanged Plate"
"B8910crpl","Front Grille for R/C Car 9950"
"133bbkf0","Corner Bracket"
"324aorpl","Capot"
"NoNr3200","Decal Sheet for Set 0517"
"B0910khpl","Rocket Body"
"C6370wt0","Flag for Tintin Unicorn Set"
"133cbkf0","Obtuse Corner Bracket"
"144cprpl","Driving Dog Triangular Hole"
"2210rdS0","Triangular Flexible Plate"
"B4800gdlsm","Isosceles Trapez. Flex. Plate 90 x 38 mm"
"C5080bk0","R/C Control for Turbo Set 6350"
"260jbkpl","Obtuse Corner Bracket 38 x 25 mm"
"B4820grosm","Flexible Perforated Strip"
"2230wt0","Triangular Flexible Plate"
"B4840rdt0","Triangular Cupped Plate 38 x 38 x 38 mm"
"184gorlpl","Translucent Pin"
"2250bk0","Triangular Flexible Plate"
"162d0zn","Boiler End"
"133cblt0","Obtuse Corner Bracket"
"103c0zn","Flat Girder"
"1550bkrb","Rubber Ring for 25 mm Pulley"
"260fylpl","Steering Arm"
"C4400bk0","R/C Car Chassis"
"120dm0dc","Male Half  Shock Absorber"
"C6350wt0","Sail for Tintin Unicorn Set"
"B5810grmsm","Isosceles Triang. Flexible Plate"
"B9530gypl","Rod Holder"
"B7420grpl","Mask"
"51cylu0","Flanged Plate"
"B0170orltpl","Manifold"
"B9720bkfsm","Flexible Narrow Perforated Strip"
"48e0zn","Double Angle Strip"
"144crdpl","Driving Dog Triangular Hole"
"B1140blpl","Batteries Holder Lids (pair)"
"B7600ylpl","Wheel  Guard"
"B7840grpl","Aillerons"
"C48300zn","Narrow Obtuse Angle Bracket"
"1900bk0","Flexible Plate"
"133cbk0","Obtuse Corner Bracket"
"B4800rdtsm","Isosceles Trapez. Flex. Plate 90 x 38 mm"
"260fbkpl","Steering Arm"
"410prpl","Plastic wire"
"235bbkf0","Narrow Strip"
"260cblpl","Mini Strip 38 mm"
"530yl/bk0","Flanged Plate"
"B91700zn","Rod"
"B9540gypl","Noise Unit"
"B5820yl0","Isosceles Trapez. Flex. Plate 38 x 25 x 90mm"
"B4820blmsm","Flexible Perforated Strip"
"B74600zn","Bolt 25.4 mm (1"""")"
"C32900zn","Narrow Strip"
"J1000rdpl","Headlight"
"B5840grmlsm","Flexible Curved Strip"
"1880rdEsm","Flexible Plate"
"23b3porltpl","Pulley"
"120rd0","Angle Bracket"
"51bylc0","Flanged Plate"
"51grdc0","Obtuse Flanged Plate"
"1600zn","Axle Rod"
"B1140cppl","Batteries Holder Lids (pair)"
"260hgdpl","Steering Wheel Mountig Bracket"
"B4870rdmsm","Flexible Perforated Strip"
"50kh0","Battery Cell Li-ion 2 1/2"
"154a0zn","Corner Angle Bracket"
"1890gyml0","Flexible Plate"
"C0880bk0","Box Spanner"
"260bcppl","Suspension Outer Bracket"
"350bkpl","Spring Clip"
"260agypl","Suspension Mounting Bracket"
"B5810yl0","Isosceles Triangular Flexible Plate"
"177agrurb","Flexible Seat Plastic"
"B0170gyspl","Manifold"
"S046000","Decal Sheet for 7650"
"73ablc0","Obtuse Flanged Plate"
"8250ylmd0","Narr. Obt. Reversed Angle Bracket 1/2"
"510cp0","Flanged Plate"
"B4880mnsm","Flexible Perforated Strip"
"C4410yllpl","Plastic Rod"
"260ccppl","Mini Strip 38 mm"
"B7680blpl","Rotor Blade Tips"
"B051(1)gyspl","Strip"
"900gro0","Curved Strip"
"51bbkc0","Flanged Plate"
"133bmn0","Corner Bracket"
"235hwtc0","Narrow Strip"
"1b0zn","Battery Cell Li-ion 18650E"
"B4870bldsm","Flexible Perforated Strip"
"B5720rdmsm","S"""" Shaped Flexible Perforated Strip"
"51cbkc0","Flanged Plate"
"B5720grolsm","S"""" Shaped Flexible Perforated Strip"
"2abk0","Battery Cell Li-ion NCA473136"
"204cylpl","Cockpit Canopy"
"900grm0","Curved Strip"
"38d0zn","Washer"
"C1820bk0","Infra Red Control"
"120erdtpl","Mini Shock Absorber Pin"
"111c0zn","Bolt"
"B2050gdl0","Curved Strip"
"C2580bl0","Curved Strip"
"240rd0","Bush Wheel"
"B5720amtsm","S"""" Shaped Flexible Perforated Strip"
"30bk0","Battery Cell Li-ion 3 1/2"
"315b0zn","Axle Rod Triangular Section 100mm"
"B4870gdlsm","Flexible Perforated Strip"
"51brdE0","Flanged Plate"
"B5720alsm","S"""" Shaped Flexible Perforated Strip"
"160gylc0","Gearbox casing"
"187gbkrb","Wheel 3 Spoke"
"73agrt0","Obtuse Flanged Plate"
"B6780rdSdc","Nose/Tail Cone"
"38acppl","Plastic Washer"
"C5090grtpl","Light Unit"
"5900br","Collar"
"J31440gyspl","Handrail"
"38brddtpl","Plastic Washer"
"B9010bktpl","Canopy for R/C Car 8951"
"8b0zn","Angle Girder"
"770(1)gys0","Motor"
"B7090blmsm","Curved Flexible Plate 100 x 38 mm"
"530gdl0","Flanged Plate"
"C5200bkpl","Missile Launcher"
"1990rdS0","Curv. Plt"
"B08900wd","Adaptor for Semi-globe Window"
"B7390orpl","Tail"
"60bl0","Battery Cell Li-ion 2"
"260abnpl","Suspension Mounting Bracket"
"82500zn","Narr. Obt. Reversed Angle Bracket 1/2"
"81100zn","Narrow Double Bracket"
"103dgym0","Flat Girder"
"J31480gyspl","Propeller"
"115a0zn","Threaded Pin"
"B7750bkpl","Plug 31.7 mm (1 3/8"""")"
"1880blm0","Flexible Plate"
"B7300gypl","Bracket"
"51ggd0","Obtuse Flanged Plate"
"S072000","Decal Sheet for 7651"
"S123000","Decal Sheet for Turbo RC Pro Set 8350"
"133cgrt0","Obtuse Corner Bracket"
"B4840ylmd0","Triangular Cupped Plate 38 x 38 x 38 mm"
"235hgrm0","Narrow Strip"
"B9640khpl","Plastic Rod"
"500zn","Battery Cell Li-ion 2 1/2"
"510blF0","Flanged Plate"
"2140gyml0","Semi-Circular Plate"
"B0880gdpl","Gear Wheel"
"812dbk0","Narrow Obtuse Angle Bracket 1"""" x 1/2"
"51e0zn","Semi-Flanged Plate"
"B6770bk0","Clock"
"B0950ylrb","Rubber band"
"B8570alsm","Flexible Perforated Strip"
"213d3pbkpl","Triang. Rod Connector"
"204corlpl","Cockpit Canopy"
"235bbk0","Narrow Strip"
"890bkf0","Curved Strip"
"1890al0","Flexible Plate"
"51dkh0","Corner Flanged Plate"
"73ard0","Obtuse Flanged Plate"
"2000bk0","Curved Plate"
"27a3pgdpl","Gear Wheel"
"235gwt0","Narrow Strip"
"B9700prm0","Isosc. Trapez. Cupped Plate"
"2210prm0","Triangular Flexible Plate"
"B67600br","Nut"
"S113000","Decal Sheet for 4100A"
"B8650grmlsm","Flexible Gusset Plate"
"1910gyml0","Flexible Plate"
"B7310gypl","Bracket"
"890blt0","Curved Strip"
"B4870grosm","Flexible Perforated Strip"
"B8580gy0","Screwdriver"
"11400zn","Hinge"
"B1620bkpl","Tyre for B159"
"B8890bk0","R/C Car Chassis for 6950"
"235gor0","Narrow Strip"
"52150yl/gy0","Storage Case with lift-out tray"
"186hylrb","Driving Band"
"235gblR0","Narrow Strip"
"B7310ylupl","Bracket"
"187bwtpl","Wheel"
"B6840bll0","Isosceles Triangular Cupped Plate"
"B4820grmsm","Flexible Perforated Strip"
"28p3pgdpl","Cont. Wheel"
"25b3porpl","Pinion"
"C0320crpl","Seat"
"B7900grpl","Handle"
"260corltpl","Mini Strip 38 mm"
"B7850grpl","Mask"
"38borpl","Plastic Washer"
"187cwtpl","Wide Wheel Geared"
"120egrupl","Mini Shock Absorber Pin"
"B4820grmlsm","Flexible Perforated Strip"
"C6180rd0","Reversed Angle Plate"
"B4880cmsm","Flexible Perforated Strip"
"B07400rb","Rubber Band"
"C3720orl0","Shock Absorber"
"73ayl/bk0","Obtuse Flanged Plate"
"38brdtpl","Plastic Washer"
"B6840tu0","Isosceles Triangular Cupped Plate"
"126abkf0","Flat Trunnion"
"51gbkf0","Obtuse Flanged Plate"
"B6840al0","Isosceles Triangular Cupped Plate"
"C3230yl0","Isosceles Triangular Cupped Plate"
"260jgypl","Obtuse Corner Bracket 38 x 25 mm"
"900ylm0","Curved Strip"
"890orl0","Curved Strip"
"B4840grol0","Triangular Cupped Plate 38 x 38 x 38 mm"
"23bprdpl","Pulley"
"B051(1)bkpl","Strip"
"10grn0","Battery Cell Li-ion 18650A"
"B4840gdl0","Triangular Cupped Plate 38 x 38 x 38 mm"
"B4870blmsm","Flexible Perforated Strip"
"B0170blpl","Manifold"
"36cbk0","Allen Key"
"260gorpl","Track Rod Fork"
"22c3porlpl","Pulley"
"51gblcl0","Obtuse Flanged Plate"
"3210gdpl","Steering Wheel"
"51gblt0","Obtuse Flanged Plate"
"B7770grpl","Claws"
"2210rdE0","Triangular Flexible Plate"
"B0930bkpl","Plastic Semi-Globe Window"
"16100zn","Girder Bracket"
"B6660rdS0","Perforated Strip"
"1900bkf0","Flexible Plate"
"510ylE0","Flanged Plate"
"2150prm0","Formed Slot Strip"
"2150bk0","Formed Slot Strip"
"C4750bkrb","Tyre for C482"
"2agrm0","Battery Cell Li-ion NCA523450"
"B4840blml0","Triangular Cupped Plate 38 x 38 x 38 mm"
"B5810blRsm","Isosceles Triang. Flexible Plate"
"51fprt0","Flanged Plate"
"160gkh0","Gearbox casing"
"B0150bkpl","Polygonal Bracket"
"38brdpl","Plastic Washer"
"B4880rdmsm","Flexible Perforated Strip"
"2350wt0","Narrow Strip"
"28p3porpl","Cont. Wheel"
"B4820wtsm","Flexible Perforated Strip"
"B5810wtsm","Isosceles Triang. Flexible Plate"
"A651(2)bk/rd0","Motor"
"1260bkf0","Trunnion"
"22aporpl","Pulley"
"B1140ylpl","Batteries Holder Lids (pair)"
"51dyl0","Corner Flanged Plate"
"154b0zn","Corner Angle Bracket"
"B7530gypl","Plate"
"126a0zn","Flat Trunnion"
"73aylu0","Obtuse Flanged Plate"
"2150rdm0","Formed Slot Strip"
"B08200wd","Deck"
"9400orpl","Plastic Rod"
"316a0zn","Axle Rod Triangular Section 63mm"
"186gbkrb","Driving Band"
"260dbkpl","Track Rod End Pin"
"235grd0","Narrow Strip"
"51frdt0","Flanged Plate"
"B4880amtsm","Flexible Perforated Strip"
"260cylpl","Mini Strip 38 mm"
"1880bksm","Flexible Plate"
"12d0zn","Obtuse Angle Bracket 1"""" x 1/2"
"1260blt0","Trunnion"
"90ablcl0","Curved Strip"
"142cbkrb","Motor Tyre to fit 25 mm diam. rim"
"133agro0","Corner Bracket"
"B7540gypl","Electronic Control & Batteries Box"
"1890mn0","Flexible Plate"
"3800zn","Washer"
"235awtc0","Narrow Strip"
"324ablpl","Capot"
"B8960crpl","Canopy for R/C Car 8956"
"133cylu0","Obtuse Corner Bracket"
"A6620bk0","Batteries Holder Centre + Trap 6V"
"38bgrupl","Plastic Washer"
"B5840alsm","Flexible Curved Strip"
"B4880gdlsm","Flexible Perforated Strip"
"B9700grol0","Isosc. Trapez. Cupped Plate"
"B5820alsm","Isosceles Trapez. Flex. Plate 38 x 25 x 90mm"
"812byl0","Narrow Angle Bracket"
"51eal0","Semi-Flanged Plate"
"A6620gys0","Batteries Holder Centre + Trap 6V"
"B0310gypl","Adaptor"
"S069000","Decal Sheet for 0512"
"4800zn","Double Angle Strip"
"12cylR0","Obtuse Angle Bracket 1/2"""" x 1/2"
"51gblc0","Obtuse Flanged Plate"
"48ayl0","Double Angle Strip"
"B905000","R/C Control for Car 6950"
"120egrmpl","Mini Shock Absorber Pin"
"B752(1)gy0","Power Tool"
"B8630grmlsm","Isosceles Trapez. Flex. Plate 60 x 38 x 60mm"
"B69800zn","Narrow Slotted Strip 60 mm"
"38aylpl","Plastic Washer"
"B8560alsm","Flexible Curved Strip"
"B6840grl0","Isosceles Triangular Cupped Plate"
"C0040crpl","Snap on Insert for Wheel B993"
"B5810rdSsm","Isosceles Triang. Flexible Plate"
"B90800pl","Fiberglass Rod"
"103lgro0","Flat Girder"
"28p3pkhpl","Cont. Wheel"
"22aprdpl","Pulley"
"B4870bksm","Flexible Perforated Strip"
"51g0zn","Obtuse Flanged Plate"
"50yll0","Battery Cell Li-ion 2 1/2"
"C1390gyspl","Canopy"
"115c0zn","Long Threaded Pin with Round Shoulder"
"23b3porpl","Pulley"
"B6840mn0","Isosceles Triangular Cupped Plate"
"806bwt0","Narrow Strip"
"19brdn0","Pulley"
"147f0zn","Pivot Bolt"
"825abk0","Narrow Reversed Angle Bracket"
"B8150bk0","USB Cable"
"58lbkrb","Flexible Hose"
"38agrupl","Plastic Washer"
"J440bkrb","Tyre for B451"
"2210blml0","Triangular Flexible Plate"
"260egypl","Stub Axle Mount"
"51ggrt0","Obtuse Flanged Plate"
"B0070ylpl","Shovel"
"2240bn0","Triangular Flexible Plate"
"160gyl0","Gearbox casing"
"J750cppl","MJ Rim"
"B2050bl0","Curved Strip"
"B0180cppl","Bulkhead"
"2010rd0","Flexible Gusset Plate"
"41borpl","Ship's Propeller Plastic"
"187corpl","Wide Wheel Geared"
"B9730bksm","Flexible Narrow Perforated Strip"
"51frdc0","Flanged Plate"
"B9690rdmsm","Flex. Plate"
"B8170rdpl","Plastic Rod"
"9000zn","Curved Strip"
"B9740bkfsm","Flexible Narrow Perforated Strip"
"1880al0","Flexible Plate"
"1880bkfsm","Flexible Plate"
"51aylmd0","Flanged Plate"
"S043000","Decal Sheet for 4600"
"260cgrtpl","Mini Strip 38 mm"
"B9740bksm","Flexible Narrow Perforated Strip"
"2240yl/bk0","Triangular Flexible Plate"
"187jbkrb","Wheel Diam. Tread"
"2350blR0","Narrow Strip"
"235dbkc0","Narrow Strip"
"B9690amtsm","Flex. Plate"
"1880ylFsm","Flexible Plate"
"126agru0","Flat Trunnion"
"C1090bltpl","Windscreen"
"B4510orlpl","Flanged Wheel"
"S120000","Decal Sheet for Space Chaos Set 7101"
"38borltpl","Plastic Washer"
"B4840grml0","Triangular Cupped Plate 38 x 38 x 38 mm"
"B7270rddtpl","Triangular Bracket"
"40bk0","Battery Cell Li-ion 3"
"51a0zn","Flanged Plate"
"B9700bk0","Isosc. Trapez. Cupped Plate"
"B4880blmsm","Flexible Perforated Strip"
"B5820mnsm","Isosceles Trapez. Flex. Plate 38 x 25 x 90mm"
"51bgd0","Flanged Plate"
"C5310gy/bk0","R/C Car Chassis"
"100rdS0","Fishplate"
"2240rd0","Triangular Flexible Plate"
"260jgdpl","Obtuse Corner Bracket 38 x 25 mm"
"22c3pgdpl","Pulley"
"9fbk0","Angle Girder"
"216agru0","Cylinder"
"NoNr3100","Decal Sheet for Set 0507"
"B4820blRsm","Flexible Perforated Strip"
"B4880ylsm","Flexible Perforated Strip"
"C4480grlpl","Plastic Rod"
"C37900zn","Pivot Bolt"
"133brd0","Corner Bracket"
"B77600zn","Bolt 31.7 mm (1 3/8"""")"
"9400zn","Sprocket Chain"
"110kh0","Double Bracket"
"37a0zn","Nut"
"812dbkf0","Narrow Obtuse Angle Bracket 1"""" x 1/2"
"120egypl","Mini Shock Absorber Pin"
"B0900gyspl","Rocket Front"
"260ccrpl","Mini Strip 38 mm"
"162cylu0","Boiler without Ends (open)"
"30ylE0","Battery Cell Li-ion 3 1/2"
"B6650bksm","Flexible Plate"
"12dal0","Obtuse Angle Bracket 1"""" x 1/2"
"60kh0","Battery Cell Li-ion 2"
"2240bl0","Triangular Flexible Plate"
"30bn0","Battery Cell Li-ion 3 1/2"
"63d0br","Short Coupling"
"B051(1)grutpl","Strip"
"B8550bkfsm","Flexible Plate"
"812bbkf0","Narrow Angle Bracket"
"120grn0","Angle Bracket"
"142kgylrb","Bike Tyre diam. 25mm"
"2210grosm","Triangular Flexible Plate"
"B7550gypl","Plate"
"B7830rdtpl","Missile"
"C070000","MP3 Cable for 9950"
"2250blR0","Triangular Flexible Plate"
"B4800wtsm","Isosceles Trapez. Flex. Plate 90 x 38 mm"
"22bporlpl","Pulley"
"20ylE0","Battery Cell Li-ion NCA103450"
"38agrmpl","Plastic Washer"
"S117000","Decal Sheet for 5101"
"B5840orlsm","Flexible Curved Strip"
"184gorpl","Translucent Pin"
"B1590crpl","Spoked Wheel"
"NoNr3400","Decal Sheet for Tintin Unicorn Set (0553)"
"2350blF0","Narrow Strip"
"846a0zn","Narrow Double Angle Strip"
"1200zn","Angle Bracket"
"B8640orsm","Flexible Plate"
"316b0zn","Axle Rod Triangular Section 75mm"
"48c0zn","Double Angle Strip"
"11a0zn","Double Bracket"
"120drbkst","Shock Absorber Spring"
"C2430bkfsm","Curved Flexible Plate"
"2ard0","Battery Cell Li-ion NCA523450B"
"2210blmsm","Triangular Flexible Plate"
"B0530gyspl","Anchor"
"6a0zn","Battery Cell Li-ion 1 1/2"
"B8170grupl","Plastic Rod"
"B4820rdsm","Flexible Perforated Strip"
"51dprt0","Corner Flanged Plate"
"B7280gypl","Crank Arm"
"3400zn","Spanner for square nuts"
"30rd0","Battery Cell Li-ion 3 1/2"
"73akh0","Obtuse Flanged Plate"
"51bbe0","Flanged Plate"
"9e0zn","Angle Girder"
"4500zn","Double Bent Strip"
"B4840tu0","Triangular Cupped Plate 38 x 38 x 38 mm"
"40dbk0","Hank of Cord"
"216aal0","Cylinder"
"890kh0","Curved Strip"
"51bprt0","Flanged Plate"
"C1340bnpl","Pulley"
"B5840rdSsm","Flexible Curved Strip"
"9dkh0","Angle Girder"
"1890wt0","Flexible Plate"
"22c3pprpl","Pulley"
"260forpl","Steering Arm"
"51drdt0","Corner Flanged Plate"
"184grdpl","Translucent Pin"
"51ckh0","Flanged Plate"
"B5720blR0","S"""" Shaped Flexible Perforated Strip"
"235dkh0","Narrow Strip"
"110cylpl","Rack Strip"
"213d3porltpl","Triang. Rod Connector"
"32_pbkpl","Worm"
"B8650rdmsm","Flexible Gusset Plate"
"B1110bkpl","Excavator Wheel"
"216aylu0","Cylinder"
"900al0","Curved Strip"
"C2400gylpsm","Flex. Plate"
"260fgyspl","Steering Arm"
"144cbkpl","Driving Dog Triangular Hole"
"2210blR0","Triangular Flexible Plate"
"2240ylR0","Triangular Flexible Plate"
"C1090grtpl","Windscreen"
"1260bk0","Trunnion"
"38agypl","Plastic Washer"
"B5810alsm","Isosceles Triang. Flexible Plate"
"2150or0","Formed Slot Strip"
"B08500wd","Fence"
"184gylupl","Translucent Pin"
"235brd0","Narrow Strip"
"B4890mnsm","Isosceles Trapez. Flex. Plate 115 x 60 mm"
"1880gdl0","Flexible Plate"
"C2420bkfsm","Shaped Flexible Plate"
"410ylpl","Plastic wire"
"324abkpl","Capot"
"51gylc0","Obtuse Flanged Plate"
"89a0zn","Curved Strip"
"J31510cppl","Handrail Support"
"890rdE0","Curved Strip"
"B59600wd","Platform"
"260gcppl","Track Rod Fork"
"B8630alsm","Isosceles Trapez. Flex. Plate 60 x 38 x 60mm"
"B7390grpl","Tail"
"B0180ylpl","Bulkhead"
"37h0zn","Lock Nut"
"B6840wt0","Isosceles Triangular Cupped Plate"
"B7800gypl","Corner Bracket 38 x 51 mm (1 1/2"""" x 2"""")"
"12bkh0","Angle Bracket"
"51gbkc0","Obtuse Flanged Plate"
"J1010ylpl","Headlight glass"
"235bbl0","Narrow Strip"
"1890bn0","Flexible Plate"
"103hrd0","Flat Girder"
"B8640alsm","Flexible Plate"
"9400blpl","Plastic Rod"
"90abk0","Curved Strip"
"B5830gymlsm","Flexible Plate"
"20cm0","Battery Cell Li-ion CGA504042"
"B6840or0","Isosceles Triangular Cupped Plate"
"B63400zn","Axle Rod Triangular Section"
